{
	"properties": [
		{
			"name": "swagger",
			"type": "com.totvs.sl.onboarding.core.config.swagger.SwaggerProperties",
			"description": "Propriedades para o swagger"
		},
        {
            "name": "spring.cloud.stream.rabbit.bindings.input.consumer",
            "type": "org.springframework.cloud.stream.binder.rabbit.properties.RabbitConsumerProperties"
        },
        {
            "name": "spring.cloud.stream.rabbit.bindings.output.producer",
            "type": "org.springframework.cloud.stream.binder.rabbit.properties.RabbitProducerProperties"
        }
	]
}